{
	"specVersion": "1.0",
	"fileName": "SmartDevice-Zhanway-ZWMNB01",
	"version": "1.0.0",
	"deviceType": "SmartDevice",
	"manufacturerName": "Zhanway",
	"model": "ZWMNB01",
	"description": "codec",
	"platform": "linux",
	"packageType": "CIGPlugin",
	"date": "2018-01-09 12:16:59",
	"ignoreList": [],
	"bundles": [{
		"bundleName": "SmartDevice-Zhanway-ZWMNB01",
		"bundleVersion": "1.0.0",
		"priority": 5,
		"fileName": "SmartDevice-Zhanway-ZWMNB01-1.0.0.jar",
		"bundleDesc": "taifuzale",
		"versionDesc": "taifuzale"
	}]
}